action_name,gemini-live-2.5-flas (control),gemini-live-2.5-flas (control_accents),gemini-live-2.5-flas (control_audio),gemini-live-2.5-flas (control_behavior),gemini-live-2.5-flas (regular),gpt-realtime-1.5 (control),gpt-realtime-1.5 (control_accents),gpt-realtime-1.5 (control_audio),gpt-realtime-1.5 (control_behavior),gpt-realtime-1.5 (regular),gpt-realtime-2025-08 (control),gpt-realtime-2025-08 (control_accents),gpt-realtime-2025-08 (control_audio),gpt-realtime-2025-08 (control_behavior),gpt-realtime-2025-08 (regular),xai-realtime (control),xai-realtime (control_accents),xai-realtime (control_audio),xai-realtime (control_behavior),xai-realtime (regular),OVERALL
check_wifi_calling_status,0.0,0.0,0.0,0.0,0.0,0.0,0.0,0.0,0.0,0.0,0.0,0.0,0.0,0.0,0.0,0.0,0.0,0.0,0.0,0.0,0.0
reboot_device,0.0,0.0,0.0,0.0,0.0,0.0,0.0,0.0,0.0,0.0,0.0,0.0,0.0,0.0,0.0,0.0,0.0,0.0,0.0,0.0,0.0
reseat_sim_card,0.0,0.0,0.0,0.0,0.0,0.0,0.0,0.0,0.0,0.0,0.0,0.0,0.0,0.0,0.0,0.0,0.0,0.0,0.0,0.0,0.0
reset_apn_settings,0.0,0.0,0.0,0.0,0.0,0.0,0.0,0.0,0.0,0.0,0.0,0.0,0.0,0.0,0.0,0.0,0.0,0.0,0.0,0.0,0.0
run_speed_test,0.0,0.0,0.0,0.0,0.0,0.0,0.0,0.0,0.0,0.0,0.0,0.0,0.0,0.0,0.0,0.0,0.0,0.0,0.0,0.0,0.0
set_apn_settings,0.0,0.0,0.0,0.0,0.0,0.0,0.0,0.0,0.0,0.0,0.0,0.0,0.0,0.0,0.0,0.0,0.0,0.0,0.0,0.0,0.0
set_network_mode_preference,0.0,0.0,0.0,0.0,0.0,0.0,0.0,0.0,0.0,0.0,0.0,0.0,0.0,0.0,0.0,0.0,0.0,0.0,0.0,0.0,0.0
toggle_airplane_mode,0.0,0.0,0.0,0.0,0.0,0.0,0.0,0.0,0.0,0.0,0.0,0.0,0.0,0.0,0.0,0.0,0.0,0.0,0.0,0.0,0.0
toggle_data,0.0,0.0,0.0,0.0,0.0,0.0,0.0,0.0,0.0,0.0,0.0,0.0,0.0,0.0,0.0,0.0,0.0,0.0,0.0,0.0,0.0
disconnect_vpn,0.0,0.0,0.0,0.0,0.0,0.0,0.0,0.0,0.0,0.0,0.0,0.0,0.0,0.0,0.0,0.0,0.0,0.0,0.0,0.0,0.0
check_wifi_status,0.0,0.0,0.0,0.0,0.0,0.0,0.0,0.0,0.0,0.0,0.0,0.0,0.0,0.0,0.0,0.0,0.0,0.0,0.0,0.0,0.0
make_payment,0.0,0.0,0.0,0.0,0.0,0.0,0.0,0.0,0.0,0.0,0.0,0.0,0.0,0.0,0.0,0.0,0.0,0.0,0.0,0.0,0.0
check_vpn_status,0.0,0.0,0.0,0.0,0.0,0.0,0.0,0.0,0.0,0.0,0.0,0.0,0.0,0.0,0.0,0.0,0.0,0.0,0.0,0.0,0.0
grant_app_permission,0.0,0.0,0.0,0.0,0.0,0.0,0.0,0.0,0.0,0.0,0.0,0.0,0.0,0.0,0.0,0.0,0.0,0.0,0.0,0.0,0.0
check_sim_status,0.0,0.0,0.0,0.0,0.0,0.0,0.0,0.0,0.0,0.0,0.0,0.0,0.0,0.0,0.0,0.0,0.0,0.0,0.0,0.0,0.0
check_network_status,0.0,0.0,0.0,0.0,0.0,0.0,0.0,0.0,0.0,0.0,0.0,0.0,0.0,0.0,0.0,0.0,0.0,0.0,0.0,0.0,0.0
check_network_mode_preference,0.0,0.0,0.0,0.0,0.0,0.0,0.0,0.0,0.0,0.0,0.0,0.0,0.0,0.0,0.0,0.0,0.0,0.0,0.0,0.0,0.0
check_installed_apps,0.0,0.0,0.0,0.0,0.0,0.0,0.0,0.0,0.0,0.0,0.0,0.0,0.0,0.0,0.0,0.0,0.0,0.0,0.0,0.0,0.0
check_data_restriction_status,0.0,0.0,0.0,0.0,0.0,0.0,0.0,0.0,0.0,0.0,0.0,0.0,0.0,0.0,0.0,0.0,0.0,0.0,0.0,0.0,0.0
check_app_permissions,0.0,0.0,0.0,0.0,0.0,0.0,0.0,0.0,0.0,0.0,0.0,0.0,0.0,0.0,0.0,0.0,0.0,0.0,0.0,0.0,0.0
check_apn_settings,0.0,0.0,0.0,0.0,0.0,0.0,0.0,0.0,0.0,0.0,0.0,0.0,0.0,0.0,0.0,0.0,0.0,0.0,0.0,0.0,0.0
toggle_data_saver_mode,0.0,0.0,0.0,0.0,0.0,0.0,0.0,0.0,0.0,0.0,0.0,0.0,0.0,0.0,0.0,0.0,0.0,0.0,0.0,0.0,0.0
toggle_roaming,0.0,0.0,0.0,0.0,0.0,0.0,0.0,0.0,0.0,0.0,0.0,0.0,0.0,0.0,0.0,0.0,0.0,0.0,0.0,0.0,0.0
can_send_mms,0.0,0.0,0.0,0.0,0.0,0.0,0.0,0.0,0.0,0.0,0.0,0.0,0.0,0.0,0.0,0.0,0.0,0.0,0.0,0.0,0.0
toggle_wifi_calling,0.0,0.0,0.0,0.0,0.0,0.0,0.0,0.0,0.0,0.0,0.0,0.0,0.0,0.0,0.0,0.0,0.0,0.0,0.0,0.0,0.0
check_status_bar,0.0,0.0,0.0,0.0,0.0,0.0,0.0,0.0,0.0,0.0,0.0,0.0,0.0,0.0,0.0,0.0,0.0,0.0,0.0,0.0,0.0
book_reservation,0.1875,0.0,0.0,0.0,0.5,1.0,0.0,0.0,0.0,0.75,0.6363636363636364,0.0,0.0,0.0,0.24,0.6666666666666667,0.0,0.0,0.0,1.0,0.44594594594594594
find_user_id_by_email,0.48888888888888893,0.5348837209302326,0.3555555555555555,0.4285714285714286,0.37777777777777777,0.6875,0.5454545454545454,0.6363636363636364,0.6774193548387097,0.59375,0.6774193548387097,0.6285714285714286,0.6666666666666667,0.6785714285714286,0.5,0.41666666666666663,0.23333333333333328,0.37142857142857144,0.5,0.24390243902439024,0.5
find_user_id_by_name_zip,0.5887096774193548,0.6134453781512605,0.5073529411764706,0.5441176470588236,0.3733333333333333,0.898989898989899,0.7941176470588236,0.8095238095238095,0.8285714285714285,0.5503875968992248,0.7428571428571429,0.5298507462686567,0.5703125,0.6611570247933884,0.4085365853658537,0.5035460992907801,0.2561576354679803,0.49006622516556286,0.4930555555555556,0.2564102564102564,0.5369751021924936
update_reservation_passengers,0.0,0.0,0.0,0.0,0.0,1.0,0.0,0.0,0.0,1.0,0.33333333333333337,0.0,0.0,0.0,0.0,1.0,0.0,0.0,0.0,1.0,0.5384615384615384
update_reservation_flights,0.17391304347826086,0.0,0.0,0.0,0.04166666666666663,0.9411764705882353,0.0,0.0,0.0,0.8823529411764706,0.8214285714285714,0.0,0.0,0.0,0.7222222222222222,1.0,0.0,0.0,0.0,1.0,0.5515151515151515
modify_pending_order_payment,1.0,0.5,0.5,0.5,0.0,0.6666666666666667,1.0,0.5,1.0,1.0,1.0,0.5,1.0,1.0,0.0,0.0,0.0,0.0,1.0,0.0,0.6956521739130435
get_customer_by_phone,0.8782608695652174,0.0,0.0,0.0,0.7130434782608696,0.9316239316239316,0.0,0.0,0.0,0.75177304964539,0.9875,0.0,0.0,0.0,0.6853932584269663,0.6451612903225806,0.0,0.0,0.0,0.33333333333333337,0.7263736263736263
exchange_delivered_order_items,0.6428571428571428,0.6363636363636364,0.37142857142857144,0.75,0.3928571428571429,0.8421052631578947,0.875,0.84375,0.7878787878787878,0.92,0.7105263157894737,0.725,0.6842105263157895,0.6170212765957447,0.6190476190476191,0.9583333333333334,0.9090909090909091,0.9473684210526316,0.8928571428571429,0.875,0.7268292682926829
modify_pending_order_items,0.4878048780487805,0.475,0.8461538461538461,0.65,0.6923076923076923,0.7560975609756098,0.8055555555555556,0.8717948717948718,0.6666666666666667,0.8260869565217391,0.6415094339622642,0.6363636363636364,0.75,0.7,0.7575757575757576,1.0,0.9285714285714286,1.0,0.88,1.0,0.7339449541284404
return_delivered_order_items,0.6739130434782609,0.6,0.7058823529411764,0.6956521739130435,0.6551724137931034,0.9111111111111111,0.9166666666666666,0.8947368421052632,0.8888888888888888,0.875,0.7857142857142857,0.7441860465116279,0.8095238095238095,0.8,0.7407407407407407,0.8484848484848485,0.8888888888888888,0.8571428571428572,0.8125,0.8947368421052632,0.7862165963431786
get_item_details,0.6666666666666667,0.8571428571428572,0.5555555555555556,1.0,0.9285714285714286,1.0,1.0,0.8,0.6666666666666667,0.75,1.0,1.0,0.7777777777777778,0.8,1.0,0.6666666666666667,0.8,1.0,0.8333333333333334,0.6,0.8033707865168539
get_user_details,0.8054029304029304,0.9764705882352941,1.0,0.9879518072289156,0.7916666666666666,0.9019607843137255,1.0,1.0,1.0,0.7605633802816901,0.8015873015873016,1.0,1.0,1.0,0.6781609195402298,0.5415214866434379,0.8493150684931507,0.8977272727272727,0.9565217391304348,0.48375812093953025,0.813818783616053
get_reservation_details,0.974025974025974,0.0,0.0,0.0,0.9,0.9523809523809523,0.0,0.0,0.0,0.8549618320610687,0.916030534351145,0.0,0.0,0.0,0.751937984496124,0.7466666666666666,0.0,0.0,0.0,0.6,0.8545918367346939
cancel_reservation,0.6,0.0,0.0,0.0,0.7666666666666666,1.0,0.0,0.0,0.0,1.0,1.0,0.0,0.0,0.0,1.0,0.7,0.0,0.0,0.0,1.0,0.8581560283687943
send_certificate,1.0,0.0,0.0,0.0,0.6666666666666667,1.0,0.0,0.0,0.0,1.0,1.0,0.0,0.0,0.0,0.75,1.0,0.0,0.0,0.0,0.0,0.9130434782608696
update_reservation_baggages,1.0,0.0,0.0,0.0,1.0,0.8571428571428572,0.0,0.0,0.0,1.0,0.875,0.0,0.0,0.0,1.0,1.0,0.0,0.0,0.0,0.0,0.9333333333333333
cancel_pending_order,0.9130434782608696,0.9583333333333334,0.7428571428571429,0.9,0.8947368421052632,1.0,1.0,0.962962962962963,1.0,0.9583333333333334,0.9583333333333334,0.9130434782608696,1.0,0.9565217391304348,0.9545454545454546,1.0,1.0,1.0,0.9375,1.0,0.9429223744292238
send_payment_request,0.0,0.0,0.0,0.0,1.0,1.0,0.0,0.0,0.0,1.0,1.0,0.0,0.0,0.0,0.8947368421052632,1.0,0.0,0.0,0.0,1.0,0.972972972972973
get_order_details,0.965034965034965,0.9761904761904762,0.9479166666666666,0.9748427672955975,0.9744680851063829,1.0,1.0,0.9926739926739927,1.0,0.9864864864864865,1.0,1.0,0.9921259842519685,1.0,0.9854368932038835,0.9817351598173516,0.9612903225806452,0.9809523809523809,0.9953488372093023,0.8797814207650273,0.9810937182354137
resume_line,1.0,0.0,0.0,0.0,1.0,1.0,0.0,0.0,0.0,1.0,1.0,0.0,0.0,0.0,1.0,0.9,0.0,0.0,0.0,1.0,0.9857142857142858
modify_pending_order_address,1.0,1.0,1.0,1.0,0.8333333333333334,1.0,1.0,1.0,1.0,1.0,1.0,1.0,1.0,1.0,0.9090909090909091,1.0,1.0,1.0,1.0,1.0,0.987012987012987
get_product_details,0.9696969696969697,0.972972972972973,0.9841269841269842,0.9953917050691244,0.9464285714285714,1.0,0.989247311827957,1.0,1.0,1.0,1.0,0.9906542056074766,0.9615384615384616,0.9827586206896551,0.99,0.9753086419753086,1.0,1.0,0.9859154929577465,0.9710144927536232,0.9872434830837493
modify_user_address,1.0,1.0,1.0,1.0,1.0,1.0,1.0,1.0,1.0,1.0,1.0,1.0,1.0,0.9166666666666666,0.9090909090909091,1.0,1.0,1.0,1.0,1.0,0.9875776397515528
calculate,1.0,0.0,0.0,0.0,1.0,1.0,0.0,1.0,1.0,1.0,0.9722222222222222,1.0,1.0,1.0,1.0,0.9,1.0,0.0,1.0,1.0,0.9883268482490273
refuel_data,1.0,0.0,0.0,0.0,0.0,1.0,0.0,0.0,0.0,1.0,1.0,0.0,0.0,0.0,1.0,1.0,0.0,0.0,0.0,0.9285714285714286,0.9886363636363636
get_flight_status,0.9990069513406157,0.0,0.0,0.0,1.0,1.0,0.0,0.0,0.0,0.9166666666666666,1.0,0.0,0.0,0.0,0.9807692307692307,0.95,0.0,0.0,0.0,0.7142857142857143,0.9940828402366864
search_direct_flight,1.0,0.0,0.0,0.0,1.0,1.0,0.0,0.0,0.0,1.0,0.9772727272727273,0.0,0.0,0.0,1.0,1.0,0.0,0.0,0.0,1.0,0.9962264150943396
transfer_to_human_agents,1.0,1.0,1.0,1.0,1.0,1.0,1.0,1.0,1.0,1.0,0.9953703703703703,1.0,1.0,1.0,0.971624266144814,1.0,1.0,1.0,1.0,1.0,0.9970178926441352
get_details_by_id,1.0,0.0,0.0,0.0,0.9230769230769231,1.0,0.0,0.0,0.0,0.9908256880733946,1.0,0.0,0.0,0.0,1.0,1.0,0.0,0.0,0.0,1.0,0.9981998199819982
get_data_usage,1.0,0.0,0.0,0.0,1.0,1.0,0.0,0.0,0.0,1.0,1.0,0.0,0.0,0.0,1.0,1.0,0.0,0.0,0.0,1.0,1.0
get_customer_by_name,1.0,0.0,0.0,0.0,1.0,0.0,0.0,0.0,0.0,0.0,0.0,0.0,0.0,0.0,0.0,1.0,0.0,0.0,0.0,1.0,1.0
get_bills_for_customer,0.0,0.0,0.0,0.0,1.0,1.0,0.0,0.0,0.0,1.0,1.0,0.0,0.0,0.0,1.0,1.0,0.0,0.0,0.0,1.0,1.0
enable_roaming,1.0,0.0,0.0,0.0,1.0,1.0,0.0,0.0,0.0,1.0,1.0,0.0,0.0,0.0,1.0,1.0,0.0,0.0,0.0,1.0,1.0
list_all_airports,1.0,0.0,0.0,0.0,0.0,0.0,0.0,0.0,0.0,0.0,1.0,0.0,0.0,0.0,1.0,1.0,0.0,0.0,0.0,0.0,1.0
list_all_product_types,1.0,1.0,1.0,1.0,1.0,1.0,1.0,1.0,1.0,1.0,1.0,1.0,1.0,1.0,1.0,1.0,1.0,1.0,1.0,1.0,1.0
search_onestop_flight,1.0,0.0,0.0,0.0,1.0,1.0,0.0,0.0,0.0,1.0,1.0,0.0,0.0,0.0,1.0,1.0,0.0,0.0,0.0,1.0,1.0
